pT (GeV) Signal,pT (GeV) Background)
52.1186,127.538
156.65,58.3078
1154.18,171.406
373.592,1028.44
23.0798,11.353
25.8963,19.1276
1381.46,142.809
249.19,158.578
52.5347,111.906
184.798,35.2514
1552.11,255.601
168.245,51.1202
182.578,13.5349
195.661,45.7109
267.954,179.834
319.122,179.834
143.486,21.7927
25.9327,2.40893
1196.08,0.657164
1188.18,0.195179
3.27712,62.49
190.509,118.739
284.844,1.64116
679.404,4.51597
75.6936,11.2785
52.9495,7.51899
711.442,11.2333
491.102,98.7351
44.0068,10.9271
172.259,1236.61
22.2838,247.322
9.31321,3.26006
504.954,190.176
239.239,502.397
55.9157,2003.92
33.9365,61.2276
512.673,32.0358
335.17,3.47359
197.251,699.067
195.874,43.6917
488.987,21.4423
470.424,52.6234
66.3231,253.812
52.6256,50.7624
1726.68,84.1866
3208.12,25.8106
84.7534,2.49709
126.811,0.909936
0.419709,65.287
0.434594,248.783
253.991,19.4338
362.975,63.0331
74.3246,377.2
175.468,377.2
2002.5,62.3988
295.728,22.7877
147.301,46.5538
135.394,325.877
1287.3,19.5678
755.777,99.8705
377.615,86.1174
127.906,775.056
237.62,25.8784
1365.47,41.8795
77.7918,80.9227
132.708,728.305
694.383,58.0768
478.213,40.4274
105.627,122.981
4.46629,106.342
0.309264,26.1571
0.251096,38.9582
351.065,1.12274
483.558,0.110666
48.998,306.887
55.1583,54.5318
1531.53,70.7592
2025.94,30.9718
180.934,200.436
76.5889,66.8119
807.96,122.323
1279.46,136.989
63.7305,48.2427
16.5926,511.316
108.782,35.5099
1486.24,23.6748
140.1,193.747
204.3,72.655
1086.49,21.651
264.544,54.7571
282.903,151.181
205.624,37.7951
167.222,45.3449
867.633,22.4589
153.54,331.853
96.846,47.0749
804.013,56.657
1603.6,35.3264
116.641,10.0179
117.828,50.0895
249.45,98.7525
482.159,46.9198
234.6,351.865
220.823,179.955
1806.12,51.4926
862.077,14.224
159.468,55.3171
369.102,215.164
1501.08,57.3521
126.621,42.7627
65.0067,150.12
167.623,78.2319
730.734,35.0702
337.145,72.1092
179.501,103.828
8.92882,276.874
537.532,9.15212
3100.79,50.7244
152.581,385.546
23.6452,77.1092
0.864196,1.70279
0.325865,7.56507
1199.08,172.335
3109.18,24.6193
76.2846,38.9924
12.553,3.28692
87.7002,62.6556
234.725,281.95
96.8971,26.424
81.929,28.5689
310.14,149.359
65.3949,98.6929
144.122,16.5942
75.5259,35.1919
101.741,216.364
344.722,43.2729
196.245,27.0132
281.221,63.9811
0.117712,81.4653
0.224177,162.931
586.859,2.39826
645.938,2.8494
177.39,75.2826
191.805,69.9573
953.078,37.1672
198.912,408.839
125.488,25.6522
59.0063,64.0562
347.615,1082.83
468.093,178.886
47.4443,45.9752
83.1011,69.2253
556.085,1.39139
352.936,19.3525
46.4728,174.172
108.666,26.48
3.72789,18.3919
0.737023,18.1522
1400.72,224.103
418.984,26.0356
141.605,54.2809
113.976,279.812
143.573,373.082
326.382,55.2312
255.862,27.7265
135.102,9.54117
179.324,2.416
945.019,0.106997
54.7266,0.401203
95.6023,623.462
531.097,231.574
392.281,44.8733
104.711,44.1692
256.148,161.851
1.53138,48.967
0.811068,43.1194
1718.19,43.6171
795.933,18.7355
72.4204,93.6774
111.97,25.4283
223.844,40.1891
707.933,53.9369
140.274,80.9053
151.143,8.44514
423.999,10.3855
323.517,875.2
52.42,67.3231
131.733,34.2962
508.161,38.2475
258.122,201.211
43.5862,134.141
118.767,44.1231
771.607,42.1362
438.096,52.0391
181.814,357.46
166.866,3.9949
0.0686297,10.8683
0.0624926,26.0344
1003.08,15.6207
1322.13,43.046
128.549,53.305
164.433,0.405941
1828.44,1.59975
1333.52,159.121
152.352,26.5202
37.5755,8.78727
620.124,11.0864
3212.52,3.76843
99.8739,3.76843
71.0164,54.4182
171.747,17.6904
238.059,138.693
44.3178,54.2237
128.563,67.1285
872.148,108.494
409.117,6.63544
65.0697,311.974
15.5051,311.974
1.33894,33.5567
6.16437,37.4705
0.589404,0.0716742
0.120382,0.346449
744.212,408.193
319.71,181.419
76.5651,39.5103
145.353,52.8676
151.089,333.791
28.1704,29.4331
75.3557,53.5
206.645,18.6569
926.896,258.214
191.979,258.214
153.99,65.8578
74.2389,29.3269
241.137,178.582
1681.73,44.6454
45.5035,47.4918
75.8333,42.0515
497.213,2.2483
506.888,0.730368
218.517,84.6661
58.0315,211.494
1603.06,25.2808
3593.91,54.8661
375.292,805.155
228.289,415.422
403.459,55.6564
1724,4.39881
177.117,223.698
120.737,19.3818
121.769,54.8621
61.3909,52.786
144.102,2.38898
22.6324,0
718.983,534.924
3434.61,39.3219
87.0235,1.42
42.1888,103.494
220.583,51.2072
698.108,15.1311
24.6032,44.7337
126.368,243.371
1230.35,30.4213
431.929,5.08873
151.946,71.2447
135.949,440.671
602.374,293.781
662.469,54.488
107.804,29.8535
134.999,109.378
0.633383,296.589
0.309029,102.074
574.415,40.6311
1934.84,0.148484
27.5557,0.906001
123.232,42.8158
1613.69,274.881
612.03,5.27492
124.021,71.4923
80.638,57.843
397.499,56.9489
1080,58.9984
29.456,25.9367
122.769,4.14159
0.0379072,152.661
0.0223055,0
409.151,48.0246
106.595,96.0188
315.41,427.53
65.733,213.765
260.135,44.463
2252.58,39.2351
66.6796,132.42
32.9371,350.618
326.533,67.0104
246.354,20.9297
132.861,628.878
178.597,449.198
419.184,96.9294
205.498,6.77529
39.8139,0.348447
187.029,0.830124
4.07397,24.9568
0.596806,407.222
1023.44,32.4329
398.167,42.8477
29.1325,2.90892
17.2798,240.026
503.987,120.013
452.232,119.834
219.585,17.3003
250.357,3179.22
662.695,244.556
156.562,8.74385
152.141,37.8956
61.7632,13.8241
194.203,0.0418801
325.848,0.296614
75.2382,0
91.9908,130.366
997.174,55.5058
368.866,45.8588
77.5199,28.3083
92.8136,169.85
683.98,40.4025
954.401,63.4683
86.9592,62.5296
1.75569,375.178
899.151,29.3494
1306.12,66.6608
37.417,204.638
94.756,44.8168
1835.44,46.4478
375.799,54.3127
48.2894,75.663
186.549,302.652
4.94306,71.1963
0.307835,22.982
513.128,122.36
404.769,367.079
159.51,128.791
91.6532,38.2986
95.9658,436.039
753.297,174.415
156.277,17.5526
57.8436,13.3825
360.856,22.0885
1461.01,298.842
167.004,697.298
127.786,11.1833
2.96493,13.274
2.90555,130.177
593.084,260.354
282.485,34.3413
311.101,58.0302
99.3377,20.7896
407.752,145.527
1134.3,8.88338
251.717,2.05719
668.043,7.01403
0.873499,0.0377204
3.3513,0.0932592
7655.14,50.3694
1647.83,19.9913
52.2423,23.87
159.837,49.873
0.101683,2.65609
0.195942,17.5923
886.582,85.5565
282.558,256.67
192.179,129.514
165.985,100.6
304.132,654.473
253.627,290.877
260.061,61.781
147.076,24.338
154.774,1.88375
279.116,84.4582
127.848,244.846
227.344,16.5788
185.461,135.793
161.483,133.825
159.05,669.127
54.7471,69.4234
86.2882,32.0018
917.328,486.018
204.234,24.0895
77.892,34.6018
24.7736,87.4143
546.011,84.7861
75.4435,763.075
110.305,34.921
474.254,35.8953
351.014,153.715
93.9177,65.8778
165.669,23.6631
4.84356,24.8767
0.775968,90.5461
570,25.3477
174.705,17.1678
158.591,3.38441
45.4846,36.7334
3.52478,293.867
0.357847,17.6736
0.241415,67.4748
445.504,142.97
1076.9,71.4849
239.05,59.8189
243.602,7.90941
287.062,10.7845
319.161,341.493
112.207,113.831
123.811,40.9986
363.051,68.0459
36.5688,88.4738
87.9359,183.373
156.755,24.184
157.118,9.12576
573.922,63.6029
132.102,255.84
106.398,26.5321
379.631,35.6612
933.257,3.80262
148.544,0.0290822
55.6388,0.176819
215.633,156.465
131.769,34.77
245.8,15.7232
185.185,23.2462
1027.22,67.2518
410.839,46.9174
102.414,100.274
285.165,24.191
2239.9,1002.85
216.313,190.197
164.901,5.36888
150.46,52.6844
0.178985,0.384941
0.0556814,0.383409
67.6414,0.336099
243.32,0.168659
46.9131,351.761
65.8736,50.2516
552.182,86.3784
437.79,137.341
52.9434,441.482
109.633,1324.45
559.414,30.1369
235.414,53.4025
158.541,130.525
61.0624,259.701
1836.39,24.6944
777.535,87.572
106.756,0.369699
165.118,0.233249
674.818,109.075
240.608,240.884
161.872,141.134
191.082,30.9962
1.318,761.421
0.422661,605.888
335.496,57.7454
106.717,69.8035
351.284,100.115
122.773,700.807
833.454,54.0098
1111.27,37.7841
354.889,0.347007
114.939,60.362
178.661,192.407
1342.89,65.7883
78.6533,16.8201
220.22,170.691
232.95,42.731
267.904,41.5517
80.9488,34.2789
36.6717,45.3444
18.4302,309.886
1.47888,54.2453
385.105,41.3962
770.732,3.13289
396.735,1.5138
91.8836,92.1443
136.185,27.5464
6114.48,15.3622
70.2213,18.0814
107.079,275.172
528.168,183.448
99.2128,48.244
81.6523,53.2431
101.885,0.0608184
202.166,0.0615184
745.697,10.1517
147.734,25.3792
60.5984,23.4291
0.394853,93.2234
0.00297376,4.44175
62.8755,18.4526
1269.42,900.382
92.8965,42.016
77.2092,68.4337
236.041,624.556
61.0247,251.544
27.6984,79.2407
204.762,40.1167
2524.79,266.834
416.046,44.4723
158.046,38.9696
44.6264,43.7882
0.501348,39.9851
0.060045,201.979
135.661,14.371
389.418,33.4768
62.3788,314.8
189.274,356.897
2188.31,74.9726
286.089,25.5814
123.378,36.4167
53.4231,72.8333
345.295,9.35753
2116.62,109.923
137.586,0.00913736
55.7081,0.0631801
657.233,15.8866
1404.85,290.634
244.025,52.7912
49.3761,111.386
204.566,1160.69
1437.79,145.086
208.577,102.827
153.451,31.6633
193.305,618.223
257.427,113.279
113.012,29.2941
97.6935,2.39218
351.693,113.847
355.438,86.4008
98.4905,45.6548
113,45.1613
0.0036761,2.25446
0.0152959,49.5065
362.156,198.026
171.611,89.0562
186.546,23.8712
166.113,13.9286
1611.36,14.1701
526.637,1190.72
24.9041,198.453
114.987,55.6363
0.209128,20.1386
0.305997,211.271
452.319,739.449
679.216,10.57
59.101,126.758
117.072,433.252
1146.83,1299.76
310.094,42.0804
87.412,57.9469
42.578,233.257
418.757,311.009
2931.63,27.4451
105.546,37.6241
43.4137,6.18935
161.725,6.18935
190.445,63.4216
92.7381,40.9615
30.6209,166.907
575.607,155.479
414.4,1.98329
72.5356,34.2131
63.7404,47.3297
559.538,212.983
490.143,7.83237
155.031,13.7082
123.266,33.1276
366.541,5.52126
894.492,29.6668
101.514,46.1392
83.7899,15.3879
274.959,17.0168
612.083,30.8912
40.8912,3.99999
90.2382,1.5535
0.344806,42.8637
1.0909,54.1831
1928.74,26.7099
672.43,21.1677
198.413,187.98
48.9166,375.959
151.224,66.0773
1225.22,29.1367
28.2122,0.791788
139.528,0.545303
1429.75,41.2306
3443.08,41.2306
64.6061,27.4197
48.8478,35.9538
2.67559,168.617
1512.18,74.9408
498.048,31.102
66.0505,48.3372
98.5321,134.751
1314.6,22.8132
426.871,83.5163
127.079,19.3292
145.5,457.608
0.302306,493.239
0.0863679,61.0891
202.183,35.821
311.719,0.044763
253.425,0.0196769
35.2537,97.2112
856.892,486.056
1393.75,14.0686
127.804,3.02611
211.655,24.3868
337.165,146.321
194.907,3.9243
50.8492,27.5862
111.841,114.108
850.087,36.4259
493.842,122.4
73.5018,26.8477
68.5987,562.921
671.027,187.64
598.275,99.4462
175.791,41.4777
25.3508,32.4457
681.562,194.674
2491.56,119.166
220.874,10.6934
210.446,2.40329
0.486357,65.1581
1.79125,847.055
1084.31,64.0532
1202.52,32.245
20.9537,69.0177
248.988,414.106
951.648,36.2543
24.0548,54.7096
54.6021,20.5555
63.3448,343.334
892.299,68.6668
376.861,37.6395
73.0827,43.0714
170.534,551.975
322.521,441.58
80.7872,31.5775
92.8547,54.1575
250.05,52.1302
947.277,469.172
97.2575,25.085
54.0383,2.35351
84.8796,19.7988
509.222,79.1951
569.793,57.434
169.968,24.5721
60.2055,67.9329
223.088,113.618
1319,49.1764
100.62,57.2157
59.6587,45.1614
293.28,146.976
250.509,47.5438
70.1581,25.7745
61.3108,67.5377
350.216,607.839
450.644,14.6167
74.846,17.7385
69.4344,17.1024
362.684,68.4096
1335.24,60.4592
66.1191,33.9931
151.243,313.724
420.174,358.541
319.669,28.4456
78.6641,2.37333
30.794,119.676
778.972,119.676
1194.3,63.6269
89.5972,65.876
531.24,77.0684
2293.02,88.9389
827.039,24.9984
106.152,88.2703
10.8157,0.00111779
520.988,0.0898844
153.239,0.146082
139.843,0.242547
140.78,485.464
265.573,970.927
287.473,37.3115
67.8767,66.7748
18.3671,740.119
481.866,986.825
2481.45,90.4031
20.3762,27.7134
243.156,511.752
0.0825115,426.46
0.0340138,30.5048
2664.15,41.3709
1143.35,122.172
82.3726,325.793
50.7601,39.1024
1.88642,41.5726
0.609671,0.0937978
614.538,0.00917001
1011.72,59.5103
210.244,82.7549
203.445,134.939
155.38,26.6816
581.147,391.498
169.587,252.481
51.8585,16.6938
283.744,3.33831
309.156,0.214382
50.2446,225.307
123.173,71.0102
1520.76,8.01577
644.296,17.3002
127.866,165.667
59.2947,92.0374
0.0551323,64.9937
0.0390177,38.4261
0.00462899,582.785
0.124133,83.255
96.5905,66.9509
528.741,31.8232
117.004,69.678
147.261,19.8733
0.0727202,8.78354
0.015163,9.96646
275.305,115.682
238.465,40.7109
134.125,63.5334
267.723,28.9657
781.657,194.229
191.281,0
36.6259,31.0284
43.2689,66.0411
0.302282,2.37617
0.334053,29.6022
1497.42,266.42
1844.84,36.8287
401.081,26.2968
127.87,7.23431
1966.36,36.1716
3472.73,47.4498
87.7734,79.2147
50.1151,525.538
458.028,210.215
230.909,38.9782
110.513,71.225
28.9682,272.919
110.507,119.215
1076.1,137.896
298.438,60.1626
105.192,354.72
114.739,591.2
1582.29,29.3208
155.919,74.2093
295.622,56.3296
469.511,242.482
67.0629,27.0367
42.4704,30.6759
149.469,0.841595
562.987,82.913
179.411,27.6377
225.754,23.7472
47.9529,86.546
487.235,387.43
731.088,129.143
193.335,31.1981
281.684,45.3887
7701.02,86.8515
2791.92,1150.76
114.423,39.8633
171.357,57.6344
394.113,707.168
401.361,88.396
119.556,35.2834
2.03227,40.8514
12.7069,376.146
67.8945,37.6146
193.23,76.7985
41.1405,8.97278
2.02826,1.34811
0.815989,0
110.641,119.909
428.389,34.8613
140.655,29.7545
352.407,77.8035
979.734,233.41
409.259,47.837
164.81,40.0832
118.181,31.83
0.15272,302.049
0.116941,20.1887
290.985,48.2467
403.755,51.8194
348.289,77.7291
31.7271,41.2396
157.638,49.045
1688.86,133.167
204.796,53.2669
42.6424,8.87967
199.051,20.4594
1409.68,255.588
80.6619,138.026
40.3224,1.33137
1060.63,17.8663
504.399,23.4546
80.2034,328.365
34.5185,33.8173
432.04,48.9413
433.12,0.00681547
58.6587,0.131099
190.539,18.5171
2020.99,203.688
480.985,11.8175
164.155,3.84134
184.97,86.6363
0.208114,57.7575
0.447536,30.4636
460.229,59.0652
318.298,795.32
214.958,66.2766
209.106,7.89349
89.7207,5.70844
103.326,44.9952
129.637,36.6633
171.303,2.04003
0.326464,71.4762
0.00674973,40.9272
1196.66,27.6235
98.4355,29.2851
176.062,16.601
60.4642,412.867
574.482,0
816.846,5.1381
228.813,28.2264
196.752,0
0.533039,72.262
0.237756,32.6621
154.577,23.2208
345.221,177.833
76.9574,59.2777
71.5712,39.0367
120.575,21.0718
680.243,76.5678
75.5685,102.09
100.063,52.4505
276.109,56.134
1068.55,65.181
89.4665,175.354
116.151,45.9153
882.225,42.3695
2662.72,7.39876
113.539,14.7975
84.278,1.17431
1445.12,74.4525
207.484,150.4
43.719,1222.05
128.517,149.701
1919.62,13.6474
728.643,166.515
253.004,66.6058
159.035,18.6154
435.521,90.9367
683.664,12.6662
269.32,342.253
171.707,16.5949
831.083,25.1256
316.904,80.8768
77.0287,477.49
84.0778,59.6863
345.225,30.6167
479.546,33.25
83.6297,0.528088
196.104,0.394944
288.902,655.506
292.464,23.4071
45.5437,60.7011
70.4946,54.4069
0.160005,521.251
0.147247,35.0975
807.149,26.6545
865.378,61.5557
179.196,2.0743
87.0825,29.4437
206.711,88.3312
83.9999,8.89032
83.9724,7.2034
147.204,7.51859
0.402191,36.3491
1.90676,22.2439
406.281,37.2871
589.291,63.6793
84.2432,0.779089
110.597,56.2284
648.299,56.2284
395.938,4.59925
90.7922,6.57164
59.229,0.0704705
742.247,0.395705
783.933,173.962
259.622,227.668
454.985,94.7682
1357.87,8.56411
1094.68,0.99489
32.9149,2.37255
99.4857,81.9676
1833.42,191.034
798.36,72.6215
134.224,12.0604
49.9037,5.60811
57.8531,62.4055
753.509,124.811
18.6618,51.042
87.4545,41.1436
1450.67,1.48143
1189.59,26.1203
153.035,78.3609
182.195,18.9697
0.264783,102.958
0.618454,313.39
613.363,62.6781
662.389,18.444
186.259,52.1365
182.231,472.653
1756.56,85.9369
856.308,22.2665
86.7577,99.7682
148.599,793.53
282.005,176.34
206.321,23.5643
124.884,28.2509
63.3171,46.2205
313.231,34.6653
700.771,46.6994
86.2903,45.2099
70.2179,259.245
172.12,103.698
267.938,7.09843
209.249,10.4393
223.085,99.7607
197.317,32.5037
244.893,43.4671
84.3598,42.6402
90.7806,0.0630307
258.314,0.00132624
521.284,39.1566
65.9074,143.004
55.4816,37.4697
794.878,54.61
814.341,13.1363
14.305,108.358
49.911,209.497
439.043,35.9351
653.554,1082.64
55.2766,649.583
135.808,61.8194
447.035,54.0597
264.412,0.0705696
102.161,0.0663788
53.9328,0.263048
1074.3,0.0146636
1503.04,13.064
30.1677,161.334
205.077,50.1845
537.768,9.69556
305.3,0.138602
327.797,0.0127077
21.0597,159.489
163.975,31.8978
1074.56,87.5051
49.2616,2.41148
129.114,86.5744
1256.89,259.723
399.648,31.2457
114.398,98.5215
289.046,277.413
0.0124703,34.6766
0.0407818,57.3631
439.924,74.6784
652.341,179.572
111.257,515.572
175.641,70.4265
1254.74,35.7547
1029.21,15.0622
153.008,170.498
74.4641,7.68012
692.814,6.37263
729.876,55.7297
77.9854,13.9324
150.304,31.4805
981.904,15.0907
3583.27,25.4536
60.7165,36.0453
82.7896,10.2951
3809.96,24.6455
751.25,45.4
347.858,45.4
145.115,23.9667
0.0074426,61.4245
0.0387118,8.62434
1296.55,68.9948
1694.68,19.2192
111.384,59.4326
205.462,101.388
390.159,371.757
176.058,58.9835
10.1348,15.9213
60.5825,44.7582
0.0661012,164.575
0.08475,74.1976
1418.26,34.7369
876.708,59.4213
165.344,237.685
31.7375,66.1165
8.02692,58.1454
10.6819,0.307975
8.32937,0.511013
0.00332153,596
0.527558,0
0.0063647,32.0783
2.64372,60.1378
434.954,119.472
1382.14,42.6226
41.0489,41.3974
90.3305,62.0613
1828.24,80.8026
593.032,80.8026
65.0807,7.62948
198.183,30.9458
938.114,273.428
72.5357,116.591
60.6728,59.2859
113.152,32.0835
126.108,596.502
350.017,108.455
262.29,78.6349
581.639,116.366
2339.81,180.548
514.637,326.121
102.572,165.597
292.672,8.0713
2316.49,722.114
1709.92,1010.96
345.524,10.9122
298.807,18.4791
539.39,200.169
286.75,100.084
193.39,4.27052
250.766,0.630229
227.902,68.6177
216.783,102.927
136,28.6569
269.133,64.1302
817.053,17.8995
93.6321,35.799
39.3337,57.7822
122.289,53.1322
251.891,452.731
354.472,75.4552
171.022,124.004
53.0408,117.423
2715.52,37.4409
1367.11,141.642
19.6927,45.8073
4.22216,14.5509
125.755,104.176
68.0807,63.2584
67.4712,14.2082
420.588,3.70431
63.4856,10.8468
51.787,10.8468
11.4674,68.2334
3.50037,32.3278
296.654,60.9706
602.196,60.9706
113.539,152.315
40.9004,22.5315
592.167,80.0854
390.532,598.724
84.4637,80.7919
98.4905,40.2934
0.508869,75.1725
1.51809,526.207
341.922,63.3657
1663.47,32.3047
61.4353,72.2167
285.052,36.1084
875.619,132.946
36.515,23.7741
108.435,449.683
94.369,474.053
348.753,44.6023
1350.77,8.12475
77.2041,0.348039
278.236,0.0829042
2078.69,155.996
440.117,103.998
156.657,42.5824
155.586,23.6772
1103.4,14.0428
865.052,84.2568
98.9857,31.6808
93.0719,64.1621
530.851,612.887
709.991,525.332
163.826,29.3204
97.6527,44.0709
186.192,83.0663
439.199,101.793
55.6627,0.360497
221.817,33.4653
370.796,484.257
84.1115,215.225
151.05,37.6968
48.0152,15.3475
429.769,73.9191
1178.61,55.4393
266.712,24.384
340.718,150.215
0.0490341,466.489
0.255428,93.2979
291.631,71.8762
281.275,14.4154
66.2346,663.12
40.8438,165.78
1059.11,54.8646
360.908,37.4496
95.9088,9.3828
118.728,4.03797
453.422,160.105
247.777,960.628
38.7766,38.6027
191.614,17.543
980.517,54.383
124.697,27.1915
66.2635,78.4893
211.108,24.8737
688.477,72.4378
171.29,587.215
65.4297,34.4154
58.894,40.3798
414.152,493.446
928.801,140.984
307.026,37.9078
65.1809,55.0597
95.7912,81.4513
469.336,570.159
64.8253,43.6906
129.372,71.8102
1256.13,163.189
391.476,326.378
107.721,10.5072
102.373,8.41031
301.119,12.8263
135.036,3.20659
147.265,41.2101
75.5663,41.3738
95.1114,176.809
285.855,106.085
82.0106,68.1594
121.026,33.1243
404.122,178.731
1348.73,25.7959
91.5898,46.8069
117.351,9.04858
620.429,166.594
574.457,23.7992
119.447,45.5567
166.648,48.0574
408.337,282.487
183.468,0
212.999,8.69335
144.278,100.303
710.632,188.205
373.387,624.31
74.5262,82.0877
104.328,3.08861
385.134,283.004
1187.99,283.589
177.124,66.3954
136.561,54.1502
263.386,89.2933
82.6886,291.948
132.968,1.552
127.705,9.60149
320.565,19.8372
256.255,99.1861
32.5108,11.0468
90.9366,14.4878
1867.01,122.665
1033.77,212.956
163.367,3.0164
54.1872,16.2873
298.397,30.0042
2015.4,105.015
139.003,45.0486
112.669,37.8835
91.1472,9.93472
415.188,39.7389
86.5306,187.734
228.924,15.776
3792.79,1433.28
319.067,27.2414
160.007,94.7416
91.6746,43.1261
115.037,178.616
255.327,186.151
245.528,27.872
15.2505,6.68326
218.13,276.245
578.57,104.635
56.9245,39.6946
123.825,33.7664
979.748,36.0166
802.538,60.0276
78.7235,60.5312
121.22,11.315
517.301,127.644
803.105,19.3614
42.3636,45.5148
162.814,28.1128
601.048,0.489437
338.624,47.8501
43.8215,52.2563
57.9552,11.7919
0.241994,10.0323
3.49291,32.5571
604.266,218.438
657.326,20.3394
116.027,3.33255
98.941,201.558
516.26,25.1947
1079.75,6.65124
285.561,67.5533
320.178,411.877
2401.41,57.4104
1576.05,63.8828
25.1636,34.9796
55.1389,1091.45
1089.53,42.2106
2390.76,13.0622
39.5524,16.9773
236.653,126.306
1135.92,421.021
1189.7,57.2322
120.601,55.2156
125.169,756.16
118.212,378.08
1573.87,33.571
95.437,63.5039
26.1704,71.3484
0.11591,570.788
0.189562,76.0538
0.48134,47.718
306.244,4.11222
377.08,287.446
143.283,1005.03
13.6839,28.597
265.596,23.4581
481.869,0.157437
212.442,731.895
45.5571,62.3266
0.943227,34.1186
0.965731,13.6017
1345.42,124.11
805.558,124.11
86.1161,29.3835
107.899,57.57
1005.55,84.7258
248.089,254.177
101.585,37.6769
95.2472,37.1029
0.0809354,130.056
0.0384389,83.0376
1026.51,45.7026
1515.77,19.5053
157.261,69.793
44.9086,85.6997
278.995,57.5415
267.295,65.2349
161.85,481.283
199.704,385.026
315.707,47.6663
122.59,44.0125
196.464,561.694
101.119,432.072
646.766,52.5868
1778.61,60.4978
90.8754,20.808
315.211,260.887
1153.04,60.9378
230.856,30.7475
102.423,47.9547
135.595,72.596
573.612,127.915
159.932,14.7807
195.71,10.0384
121.574,8.47448
0.14704,366.48
1.52046,366.48
109.159,8.33371
1155.01,5.03389
39.1775,85.5209
49.8417,89.594
719.04,7.45863
1337.25,42.5387
220.289,0.650471
212.038,0.222343
5.04971,301.667
229.455,54.8485
27.0866,37.3521
86.9475,58.044
1586.48,155.741
355.388,124.593
59.8368,18.6399
77.9858,18.9523
322.054,5.64423
206.314,16.9327
156.712,56.65
224.064,39.7055
372.048,80.4519
774.687,355.272
30.523,13.1488
153.439,25.6582
0.0353425,54.509
0.0773414,18.1697
2819.48,42.5036
998.293,29.8439
139.263,92.0839
27.1858,50.5594
1098.05,44.4458
290.073,47.1502
38.6658,326.367
200.405,95.5521
3369.32,22.817
301.964,76.712
42.9511,131.219
63.2299,393.657
1458.3,24.7669
1558.33,93.2772
110.213,71.3456
121.218,67.6402
376.508,9.57094
267.738,50.0231
67.6395,148.357
72.4142,247.262
388.788,28.1677
615.514,33.4502
117.442,265.755
35.399,106.302
2.29173,24.8304
299.394,20.1814
629.29,112.441
212.227,111.866
69.093,48.3717
143.279,56.6858
637.539,0.0395806
152.439,0.00993923
37.5462,119.09
385.329,35.5466
1900.18,3.79319
187.451,17.0883
47.9871,77.6302
610.482,97.0378
3432.67,31.5529
54.4894,173.32
133.094,435.528
884.487,87.1057
723.492,10.0655
161.319,23.1657
171.492,502.763
64.0192,670.351
152.302,4.45739
47.4558,13.9713
81.0037,2.04174
531.534,3.24043
2180.28,0.365434
6.51212,0.187437
26.5723,208.509
140.427,39.2077
305.559,21.0092
74.5735,23.7997
214.679,414.939
1144.75,150.887
397.75,31.9942
6.06009,8.23316
121.037,229.153
0.290045,190.961
0.0768085,60.415
114.945,12.0793
344.836,320.446
136.657,854.523
19.7661,14.072
715.724,20.8934
704.543,16.6551
106.008,33.4989
16.2276,25.1241
1439.78,27.5429
2027.47,33.9645
242.414,16.359
40.4027,65.436
179.678,81.9277
1054.93,33.4218
127.714,363.277
76.0251,272.458
601.069,7.4181
4608.83,4.20859
97.9109,0.619605
81.5018,0.235843
948.069,53.6782
118.714,107.356
28.741,23.3291
183.247,43.9231
435.146,1.39458
115.29,0.905205
120.576,137.858
199.911,21.2413
436.322,29.9174
374.041,70.9323
129.996,297.83
181.479,297.83
2.44565,15.0762
2.62187,72.6741
609.239,306.101
94.327,43.7287
51.8277,30.9802
120.684,38.2678
580.09,685.285
318.85,289.08
34.3995,42.7595
152.188,31.1558
729.617,61.6382
647.767,123.276
56.4829,73.0388
154.466,41.7976
0.193307,0.0302451
0.348929,0.237149
847.44,384.428
84.2153,480.535
20.3897,54.3291
21.6091,31.8254
1864.84,0.150508
268.891,0.0682195
140.53,240.77
80.703,60.1925
885.325,28.5059
588.136,58.4164
179.049,318.05
210.252,159.025
658.685,41.9314
225.722,37.1196
172.625,36.2963
151.466,348.054
85.7391,45.0051
286.781,44.7233
79.9336,0.0022415
143.102,0.212264
996.376,10.5584
796.169,23.5771
33.219,22.3419
210.993,8.17688
3942.15,27.6942
1255.22,18.4103
139.266,98.215
37.3015,17.4897
281.55,7.76277
746.43,5.27289
88.6125,118.484
113.426,115.572
569.786,6.43973
537.113,712.35
211.639,17.9838
148.324,18.3463
266.663,51.6046
1381.23,0.889171
35.7898,0.341775
59.5614,0.128877
1747.62,145.547
648.106,29.1094
540.213,48.4621
286.739,104.001
326.913,3.62324
2412.6,0.335334
187.963,519.745
123.101,129.936
180.275,87.4113
226.518,11.2428
126.952,0.332009
85.9302,0.0529712
417.927,2.19343
813.725,229.445
78.0623,45.889
39.6763,113.978
0.00868355,21.4226
0.0152784,271.28
391.436,949.48
1349.76,133.187
40.9274,39.6331
211.304,0.154824
1140.06,0.299498
261.006,801.173
290.317,20.4296
176.416,35.8389
150.717,69.0306
52.8513,75.019
45.3835,150.038
39.1361,50.4452
488.167,31.3005
571.695,110.696
47.816,47.4414
228.821,38.6001
2448.08,55.0811
1237.56,85.3685
262.278,124.439
118.709,81.4788
10.0103,35.8533
475.911,206.072
236.766,548.003
245.01,31.6723
184.834,38.8674
412.864,17.8029
144.596,17.8029
85.1936,8.72371
570.062,22.5307
377.949,22.5068
318.464,180.054
85.7903,23.2354
346.487,91.7406
1229.68,397.806
125.028,561.674
29.6477,12.7021
348.573,52.0118
1563.11,346.359
135.195,49.4799
32.2028,7.47756
485.595,18.3965
3176.77,71.7821
162.863,10.2546
67.4342,32.2362
378.337,74.4978
1028.99,40.6042
98.6781,381.977
177.844,33.8947
716.683,94.3827
511.067,316.633
84.2939,229.406
115.984,91.72
130.145,46.7187
124.365,295.379
132.074,147.689
90.256,49.1256
329.685,20.8
753.126,39.5957
13.8908,197.978
265.213,55.1437
1075.67,33.3688
26.5959,10.0105
120.015,19.8069
145.355,59.4207
367.799,61.4888
506.664,32.5801
110.004,0.40182
33.415,13.0636
801.759,104.897
172.341,43.9304
35.8718,43.3156
232.759,93.7604
1911.07,18.7521
210.685,38.0837
201.202,24.7592
180.381,59.4442
535.505,475.553
628.422,9.33452
50.8937,14.3061
123.259,61.7614
373.86,54.2071
305.11,0.546648
323.174,24.602
218.422,173.769
124.759,104.261
610.216,5.47991
107.663,35.0214
69.7591,213.648
569.531,213.648
1019.17,29.528
393.778,65.8019
97.0093,151.299
227.851,0
1269.98,71.356
107.149,51.739
33.023,313.102
365.316,417.47
372.609,97.0736
31.3966,58.7956
228.96,74.6034
2711.77,138.237
586.975,17.1627
313.353,35.6728
270.666,0
481.791,169.526
804.029,48.1831
176.563,38.3672
174.879,36.4069
548.328,30.3391
165.337,4.79943
324.423,112.274
218.854,0.0374905
340.93,0.0991831
536.886,2.68247
98.9146,491.036
62.4628,81.8393
424.879,47.7703
721.331,26.2091
42.9731,43.5667
245.785,196.05
0.063026,1.83999
0.00998429,44.1641
1415.89,8.61761
425.715,75.3401
77.6662,175.724
93.4001,46.4479
529.743,39.4379
569.603,12.0945
235.136,24.1889
210.254,40.5724
100.767,2.54459
225.734,47.6556
204.201,381.245
198.164,0.515174
428.462,52.2886
920.502,1.51761
93.1402,508.124
54.8556,304.875
0.0113626,57.9945
0.00701054,26.1356
1575.29,158.303
609.708,422.14
181.986,38.6681
214.104,25.2382
265.5,0.662383
166.181,33.0877
189.194,198.526
93.7371,71.8143
162.082,28.4303
1287.79,0.332071
86.827,0.0447487
18.9819,114.407
380.058,457.628
356.95,8.92484
114.259,70.6897
140.085,22.0957
1006.76,154.67
268.318,84.766
154.893,42.6962
40.0049,409.413
341.323,204.707
1039.32,52.0534
150.893,37.5721
136.012,116.081
6292.05,58.1505
16176.7,5.9314
32.994,25.5602
202.155,11.7064
0.0696801,80.2584
0.0817236,107.011
366.154,88.1174
376.699,39.058
64.946,670.04
43.3822,586.285
1008.36,32.2002
2071.6,63.9755
63.8096,36.7415
8.72658,152.932
0.865525,4.50099
0.240034,10.5212
462.531,15.3177
704.928,61.2708
177.434,29.4074
214.013,84.2668
700.69,5.47184
281.202,71.9467
80.6944,599.603
137.455,43.3545
0.953714,35.4674
0.0659783,0.0901249
229.912,0.00776891
906.564,321.98
303.448,185.655
302.153,138.744
461.052,21.0045
177.877,6.03273
75.3998,306.567
259.088,107.728
952.586,29.6339
59.5994,125.252
128.085,328.676
46.3758,53.5208
3186.37,31.0743
1155.91,0.595929
34.8626,2.30824
284.095,208.841
1482.2,208.841
1845.27,74.9326
71.9386,17.8941
135.825,504.684
263.033,126.171
353.461,28.8313
12.124,12.8326
124.262,0.656276
221.196,2.83023
47.0526,234.06
93.5798,624.16
162.643,59.5335
887.344,33.0753
1124.39,1299.54
61.827,86.6362
81.4203,58.3527
770.264,17.3788
412.401,56.2176
40.8914,112.435
153.93,70.1081
567.996,32.2293
379.722,177.615
207.738,266.422
218.827,138.615
244.016,108.276
244.016,0.0836252
22.3785,0.0172644
80.2832,610.486
406.089,1126.27
483.265,62.9415
79.4413,40.4381
124.676,33.4369
462.408,234.058
181.017,44.3309
101.386,24.0048
124.694,44.4633
0.0486757,103.211
0.0891872,26.9774
921.67,28.6692
345.092,0.384599
105.7,0.493405
184.245,239.593
1012.61,95.8374
1873.09,32.532
124.434,77.717
103.889,1.26267
206.492,0.326337
653.288,335.189
200.489,68.9256
48.895,29.1937
124.1,53.3359
924.23,317.724
222.736,476.585
259.064,20.4559
742.69,115.744
712.749,441.805
162.283,73.6341
78.9843,39.3992
229.298,102.714
604.015,325.656
236.427,36.3475
45.1928,32.624
1.56518,19.8294
0.362116,195.932
0.22613,172.88
1.2464,151.861
107.093,17.3094
1600.7,3.6974
138.59,1.03663
164.55,1.10218
39.8754,1327.06
100.751,102.082
163.064,8.5949
79.324,7.58772
0.00696284,0.351382
0.101801,0.13426
171.763,20.2418
540.238,60.7255
172.018,100.707
220.258,15.8783
0.00539802,0
0.0620927,802.538
954.193,112.328
254.533,71.9812
19.4496,0.00528112
37.5898,0.0939447
0.0123417,510.85
0.693243,102.17
221.286,111.494
73.7621,19.5085
47.4116,259.224
30.6909,639.981
2035.11,48.1963
3651.86,29.0956
33.7834,15.2807
70.1645,15.2807
792.946,31.9025
489.669,32.6999
140.121,64.9044
201.163,17.8319
103.442,17.3949
340.004,4.86696
94.1325,132.527
98.9666,156.463
650.798,65.0895
808.776,33.0145
56.6695,0.0947497
64.3258,0.00762874
0.108998,111.231
0.0465405,500.54
625.499,61.56
686.895,83.7019
121.845,443.44
74.1834,620.816
199.655,40.4753
433.688,54.2739
173.478,58.288
239.028,116.576
0.752242,5.33592
1253.98,21.4102
280.91,71.8654
75.5894,71.8654
69.6556,44.136
1091.1,47.3973
487.328,38.2339
214.884,19.117
307.222,54.9389
1691.27,9.16793
922.433,300.03
91.3218,120.012
76.3495,27.1362
593.081,71.8973
601.22,335.658
167.784,36.7842
129.111,51.4171
1540.72,28.353
1439.98,11.1194
118.78,55.5968
73.9287,7.99132
553.764,59.4329
538.736,136.948
119.13,541.662
154.696,51.1064
392.255,48.3298
1246.69,44.915
74.4649,224.575
237.966,55.5876
12.5285,34.0572
0.00549852,455.432
0.00148092,50.6035
2533.49,60.5132
865.52,30.2532
209.686,207.005
27.9459,29.2485
371.705,33.5899
800.942,42.8174
15.9201,21.7017
183.228,5.23624
0.0451153,14.6806
0.0310426,16.4034
971.256,43.4527
544.634,42.4532
184.741,48.1001
103.984,39.7638
254.624,0.0263752
1052.43,0.538765
126.141,0.0517934
260.94,0.00842303
512.465,59.702
379.181,139.305
140.589,35.282
262.341,61.2358
117.113,141.125
683.824,141.125
71.097,12.9613
166.112,157.376
257.189,230.285
272.092,361.357
113.377,55.0796
139.914,20.5265
693.146,564.545
957.239,70.215
17.9541,38.1587
194.331,55.3339
16.4198,64.2922
145.916,129.577
348.711,37.3978
267.538,36.2743
64.9919,931.853
131.254,1087.16
1233.97,2.15052
90.8635,10.579
65.893,0.110586
0.427286,0.0936924
0.96644,0
394.666,20.2069
1966.38,28.2413
90.4148,48.6503
110.455,40.4263
12.9868,202.132
3.50338,51.0713
398.535,32.5587
237.301,44.488
13.2328,235.174
38.2122,19.7748
946.679,307.866
3015.83,0.0844933
142.009,0.37106
83.8138,49.918
265.859,239.011
702.477,254.144
100.363,586.167
106.161,284.508
460.572,536.077
246.223,21.352
50.7743,100.768
152.8,8.25864
973.451,16.4487
171.562,316.356
50.21,4.70307
36.7847,11.2178
1654.77,0.270968
1107.38,0.858744
283.33,5.99918
64.5951,143.22
959.543,40.3344
849.656,82.2745
39.7923,41.9167
122.663,293.417
626.902,30.967
357.855,83.8518
175.894,1.62431
16.6247,65.5112
832.154,0
1805.64,6.43695
147.066,8.19416
99.7576,23.7354
323.187,213.619
56.6258,66.0233
274.769,8.35887
39.2525,193.306
99.6838,132.096
921.815,85.2783
30.8145,40.5608
136.559,149.323
639.728,55.9963
216.348,67.3976
196.631,25.4856
56.2094,466.322
22.8159,310.881
2053.88,27.9414
163.141,68.403
68.7548,2.25206
167.046,58.2654
1623.43,133.815
1.34811,29.5316
69.3916,66.5082
286.251,146.287
367.518,104.491
141.686,101.513
39.1094,73.0342
213.349,0.00445126
863.655,0.0353536
98.3141,240.874
115.19,1083.93
530.16,23.9289
272.281,81.2793
78.9427,153.516
43.7318,231.022
368.201,16.7036
853.757,54.1492
60.9084,263.754
49.2972,395.632
684.763,312.267
384.729,16.4625
65.927,230.001
39.4335,690.004
2127.52,46.6181
573.897,43.535
162.151,151.606
142.539,43.3161
620.216,24.9994
486.155,88.2887
378.811,38.6728
237.739,569.057
35.8755,28.8541
872.997,52.6185
482.612,117.012
454.132,134.313
97.7153,30.834
210.015,98.1651
60.5964,1033.52
143.859,153.25
1325.78,49.4194
296.496,92.634
168.888,1.48659
109.645,205.186
178.063,155.666
1699.82,48.2667
78.9386,27.7242
126.56,5.21917
936.985,319.703
120.555,159.852
156.41,25.758
220.288,85.5978
1542.91,923.492
248.299,55.4331
139.565,61.6075
54.5645,74.4787
872.803,517.649
1174.67,906.657
36.5195,12.012
180.081,18.8465
202.769,139.003
332.568,111.202
68.483,29.3738
10.9666,68.8621
0.83797,1132.29
0.0089974,33.574
217.402,55.7773
1168.29,37.5633
344.881,408.143
96.7491,81.6287
0.292697,16.5359
1.48714,3.15985
283.86,0.0107378
1075.08,0.00547608
40.386,0.0403516
273.963,0.0216651
1504.57,25.8209
60.4591,2.87289
101.404,20.2532
106.31,14.8384
618.778,580.153
1306.81,331.516
128.578,43.1456
63.1615,48.411
454.049,9.65508
283.22,22.6086
201.588,90.4344
187.312,21.3908
263.313,0.819015
458.146,1.26505
251.955,1.38994
337.09,0.0889158
311.175,0.0590876
175.772,217.903
84.817,108.951
68.7124,12.7184
0.91512,7.41899
0.0843921,0.471241
1672.45,36.1448
594.194,140.893
214.474,18.9723
62.0635,33.3893
0.0626433,0
0.12309,47.9298
216.501,21.8941
2548.92,11.4701
86.3979,43.006
336.04,35.91
1688.39,76.7776
150.653,67.4134
167.944,1348.9
123.711,920.476
0.149436,36.0474
0.336929,67.2092
464.528,0
267.886,362.093
38.5562,42.5527
152.065,49.3649
0.274599,56.4008
1437.77,97.8299
98.2791,51.5749
98.8608,42.0641
228.853,74.1486
422.102,98.8648
292.624,23.6758
126.661,64.8866
53.574,9.38087
498.381,32.8575
2007.7,32.8575
59.6521,66.6913
93.3633,13.8395
1734.17,0.060236
64.2216,0.0202103
67.709,142.331
93.5391,203.329
231.086,39.375
37.8433,48.443
125.755,133.759
110.158,33.7486
368.604,44.4759
434.04,45.0265
543.406,3.6318
420.88,13.1789
0.0137594,65.8944
0.057419,117.784
117.191,109.004
562.667,1992.3
60.7324,747.114
137.925,60.1663
509.113,39.4292
336.43,78.3502
51.3109,156.7
69.2414,38.249
209.918,7.12934
457.333,401.578
126.576,250.986
138.643,55.5005
869.056,18.1087
456.6,14.1283
80.6639,44.5456
78.7486,158.666
29.8588,41.4141
660.172,18.5887
109.387,262.121
44.774,146.708
72.3727,12.9606
117.484,23.957
240.516,20.128
147.765,20.128
3386.58,36.0308
2527.21,58.4979
97.025,205.619
108.466,205.619
970.602,23.2189
393.605,29.4542
395.63,75.9763
33.0396,164.106
340.768,48.0616
3569.51,49.3478
85.3418,68.093
216.077,17.0233
249.102,39.3776
177.535,44.4537
156.241,56.9548
138.582,109.42
372.259,9.53014
498.471,4.66729
111.985,34.4997
21.4348,89.3435
143.449,35.701
1093.86,16.8453
533.989,0.187506
496.863,2.10313
453.481,233.403
1051.87,140.042
14.7873,32.4155
103.787,64.9098
3171.35,152.967
902.565,29.6794
214.664,128.504
153.364,14.9183
782.943,1417.94
1405.1,128.904
97.8299,86.5657
122.975,33.1873
0.263759,188.007
0.00093173,320.387
825.312,96.2339
849.764,26.8071
37.7973,0.271521
95.4525,0.0802918
535.044,464.963
650.958,24.2659
53.2135,41.707
196.99,39.5271
0.0169292,76.4193
1.04599,267.468
724.865,40.0749
1449.73,42.872
69.2585,0.863505
70.9341,10.9082
3.24427,32.7247
542.017,78.6599
43.8025,46.1558
86.9601,560.872
159.876,747.83
466.978,259.309
416.573,204.018
139.313,1993.78
190.634,3987.55
0.035853,51.2955
0.100685,29.3316
2291.88,26.8172
2306.16,160.903
153.707,66.6993
171.288,45.4387
350.963,0.185904
483.592,0.14557
281.165,105.556
95.384,402.791
275.982,87.819
2254.79,106.12
94.0948,79.4807
97.4547,835.222
692.132,11.1455
413.802,23.0483
61.8974,47.8671
46.67,47.8671
0.343734,60.3987
0.0061252,40.3844
739.406,10.5763
616.973,200.253
178.523,102.441
41.6406,146.355
348.54,21.8365
351.604,157.118
58.0383,881.521
189.759,95.6344
1237.87,10.3803
76.636,142.503
24.3928,141.521
125.788,76.7797
365.642,100.035
1446.89,331.851
75.3157,442.467
39.8073,86.666
966.943,35.7773
148.522,113.042
100.429,193.243
36.813,42.3967
322.812,72.3603
458.937,509.479
125.594,509.479
52.7227,52.8404
547.899,37.8455
345.622,0.363117
32.9413,0.55013
74.4614,172.981
137.475,86.4904
765.491,31.3968
201.365,26.6649
160.935,236.671
138.623,59.1677
471.389,19.3723
130.861,41.6011
82.2061,46.1806
2330.61,15.3935
480.206,94.9376
74.8077,75.1781
207.588,42.0001
626.359,255.901
112.075,27.6527
362.1,144.634
247.155,359.761
289.071,61.2122
647.625,3.45679
63.0402,15.2395
33.0564,86.6859
854.079,60.8622
1090.48,28.4952
45.9838,68.3919
247.895,1.56932
3292.02,2.11449
179.031,39.0048
210.589,312.038
170.726,32.5107
69.3886,18.4062
159.899,0.358509
76.4167,0.114068
93.3052,513.98
239.476,21.6598
238.292,27.3266
43.5419,102.622
203.467,0.53223
3683.55,0.519804
152.497,582.722
140.431,194.241
108.717,62.3751
1942.27,29.7407
438.102,71.5759
135.694,572.607
134.995,19.2066
1527.48,63.8247
672.892,0.295225
163.317,0.130406
116.786,213.3
0.495388,71.1001
2.74962,80.5778
2.39583,7.96815
462.808,26.7769
341.823,295.155
32.086,64.4272
175.722,30.7849
360.114,116.828
840.546,116.828
52.4239,0.662541
93.1595,15.9194
773.524,61.9977
463.658,77.4972
113.599,11.6028
164.791,132.413
0.056587,738.695
0.205282,164.749
1064.3,16.2601
354.767,24.1424
58.6209,175.849
182.897,175.849
335.922,123.48
82.5013,27.2124
55.4555,0.0764676
86.5893,0.192618
251.496,1154.96
335.689,115.496
88.8859,19.9527
141.308,43.746
1203.84,313.635
302.683,26.1363
144.211,11.5503
113.313,25.2024
0.481611,81.267
0.0868597,181.104
98.0599,11.669
331.135,55.2886
112.675,1.30949
65.6882,0.660212
0.14579,179.708
171.457,59.9027
3905.28,50.0232
116.388,58.5114
83.136,0
557.217,134.528
865.34,89.9794
116.411,28.591
162.277,0.492375
790.392,1.36092
1056.37,314.18
180.831,157.09
160.272,20.9193
1449.67,53.0603
1389.99,162.716
136.393,813.579
242.648,5.97817
1000.26,7.45967
629.883,1.26275
175.581,19.9927
117.67,19.9927
530.663,109.965
1050.83,33.3496
147.615,915.675
75.9313,654.053
0,53.6767
240.869,25.6442
2.29502,1.39143
163.877,62.1861
475.668,28.4109
65.3931,97.4488
71.0489,17.4627
24.6818,40.0914
254.028,85.7832
147.592,103.129
249.872,57.5639
31.7258,472.7
2345,105.044
2116.35,42.6339
81.4297,24.0961
26.9945,9.68751
0.37189,1.17676
0.176307,49.9312
3171.38,383.783
542.406,12.9373
110.535,111.799
135.439,274.765
849.651,618.222
589.554,56.803
60.133,29.2986
127.292,0.0680942
0.17855,0.0179894
0.0380627,181.916
403.294,36.3831
589.164,37.9197
200.846,49.668
150.594,22.1295
798.928,331.943
710.098,20.0263
246.122,22.3093
75.6693,700.724
216.468,1138.68
1258.24,12.2038
235.28,87.0422
148.222,54.6056
91.9903,327.633
1330.09,5.2601
92.625,3.68758
225.448,698.838
559.654,107.514
788.639,29.4242
201.747,48.3404
79.5736,205.995
1245.65,103.649
509.402,47.2662
101.191,20.6283
134.822,3.68524
0.123604,141.143
0.0781714,153.621
486.146,36.5395
742.99,62.9474
703.899,38.9068
185.628,72.3451
698.737,20.5097
3383.66,28.119
186.039,39.3316
177.618,157.326
45.483,53.1366
530.665,45.4657
168.199,206.92
116.472,206.92
210.897,56.5549
1308.49,50.8256
242.779,165.348
189.626,606.277
917.644,81.266
291.267,27.7835
161.567,1.90501
178.106,0.269108
372.133,4.05667
316.931,0.103275
108.891,0.708478
148.099,0.269424
2.47862,95.0948
1.36984,57.0569
500.584,7.66721
434.609,14.4211
137.642,120.216
154.837,135.472
745.374,81.6286
598.631,21.0755
42.2326,131.299
210.318,525.198
1042.17,17.7877
94.0271,18.321
47.5013,25.4028
276.546,330.237
2677.7,37.7162
898.712,106.471
63.6005,194.325
111.057,314.57
838.069,90.7584
68.917,31.8177
157.639,329.588
46.9506,329.588
1066.67,49.2655
1301,41.3718
77.1415,24.147
243.042,120.735
76.4672,54.1424
2.82497,41.1116
976.496,1.0278
244.886,2.14082
94.6411,0.45481
127.417,0.431073
3887.09,190.965
3459.18,318.275
90.3631,69.4307
71.3995,39.3759
142.792,94.0848
876.975,34.4279
90.2818,49.432
39.6899,15.5463
204.511,137.976
471.284,321.945
147.091,20.4468
182.756,42.205
719.401,44.7186
255.873,156.515
51.9823,23.5515
123.882,25.9088
1306.16,11.2118
269.16,33.4505
38.9529,167.252
96.5566,1.65222
1262.74,48.8251
250.919,127.982
80.0571,198.649
181.481,79.4619
156.287,19.0753
154.071,264.869
152.362,264.869
148.088,6.25861
0.207012,7.54351
0.120951,33.2356
598.967,66.4712
185.735,2.86984
47.0045,11.0925
67.0045,19.6186
1209.82,29.4279
874.998,70.5814
133.45,26.6613
59.6581,54.5963
35.9146,300.28
482.467,28.3741
59.8168,61.89
226.37,199.055
484.668,47.473
517.592,62.1897
180.131,39.4618
67.4911,202.459
0.0262154,337.431
0.169768,20.8322
303.11,60.0894
629.3,201.364
396.714,160.327
250.135,3.37752
126.544,37.9398
826.363,300.583
232.531,300.583
113.85,25.1487
0.196637,39.9815
0.179051,113.055
82.5293,141.319
2390.26,53.8005
143.302,29.9621
71.6459,115.17
417.432,125.1
823.866,41.132
484.287,45.684
118.847,132.493
110.35,21.4879
740.61,40.1378
201.626,33.6127
229.265,55.9886
2083.89,27.9943
812.355,24.2091
205.712,11.6234
56.8792,522.362
2.70684,120.545
4.02742,21.891
1084.6,54.2836
1300.74,17.5739
57.8117,105.443
84.0257,56.2325
4.23535,24.663
7.98495,440.972
784.497,301.098
851.978,18.9142
85.4561,54.5492
62.0663,3.53571
766.98,33.3912
1194.54,300.52
517.912,30.9485
28.802,43.3578
84.7371,5.87526
3221.69,17.6258
75.8786,21.961
126.359,139.701
200.003,1.74068
289.527,0.361135
326.493,3.79785
303.846,200.678
61.8523,70.0473
320.334,29.4605
286.978,58.9962
306.699,70.8075
1292.79,17.6028
345.624,52.957
145.731,4.60898
167.39,35.8704
642.507,107.611
219.851,34.7996
58.5515,75.1635
36.1318,60.3343
112.926,75.1998
657.462,14.5655
443.494,50.5747
366.811,117.369
900.863,117.369
2901.65,45.9971
179.304,14.1986
102.908,48.8607
534.943,154.78
193.931,62.5583
56.8836,191.575
81.0608,206.937
1.00544,344.727
8.74573,84.4114
529.411,52.258
525.353,797.597
143.836,199.399
17.0837,29.3786
230.843,45.2583
1131.09,21.6198
49.1211,194.578
566.78,25.6153
3681.53,20.2884
1354.33,512.839
132.624,39.4491
218.282,46.6803
316.624,70.4739
59.2719,242.097
98.6519,85.2255
42.2945,41.6649
560.174,19.5074
499.742,378.492
125.28,54.0702
64.191,39.487
6.61354,73.1786
0.121138,2.27491
922.546,0.372175
942.61,81.8192
173.739,490.915
189.819,49.0862
0.0959339,60.3053
1.06927,269.745
338.18,148.463
305.251,48.7382
117.826,69.9237
73.583,134.646
324.39,44.882
1123.05,89.1506
11.9292,0.892658
135.279,144.858
6744.04,579.432
3411.19,32.1174
328.033,60.6229
274.648,10.3333
279.482,76.5285
326.153,76.5285
456.247,2.09386
339.44,26.5647
54.993,211.268
519.143,120.725
180.081,42.0318
220.071,65.1253
1264.76,130.084
220.05,405.217
131.154,27.3366
44.7869,54.7497
11.7292,184.517
507.984,464.111
100.224,39.1121
58.0579,8.44854
0.00721518,5.21506
0.0416204,5.21506
461.417,17.0878
1018.07,57.592
236.513,303.892
61.6609,243.114
11.5019,49.7948
7.33082,38.9418
0.0770087,111.3
3.75326,37.1
274.716,58.2723
2898.56,34.5387
129.259,69.5466
38.8766,149.349
639.32,0.703977
1299.46,36.9537
149.763,224.72
120.158,459.424
503.507,39.6067
765.183,45.0152
131.213,89.6593
38.3738,582.785
582.35,6.31296
2080.79,0.63911
73.8614,49.7772
87.0805,9.95545
275.035,9.49817
1135.66,27.0809
79.2301,0.791471
124.815,319.071
0.277894,102.338
0.00487768,28.4896
1440.01,41.3509
185.58,3.77835
42.0343,99.0259
142.555,264.069
2488.34,26.4543
1760.39,6.97458
93.1913,98.3424
127.217,121.264
369.044,13.6676
541.128,6.83583
55.3919,120.982
70.045,96.7852
275.293,44.05
325.053,37.832
196.048,24.6806
218.045,66.5268
397.44,33.7036
160.999,27.5411
181.597,449.948
67.8922,2249.74
84.1691,54.2655
523.799,29.8886
140.982,184.495
20.7419,131.782
418.185,32.3496
837.528,56.7751
180.701,368.291
209.651,122.764
101.48,37.7519
511.527,61.3997
15.6508,44.0785
61.5236,396.707
627.344,29.2744
780.219,0.807101
15.9677,1009.44
238.062,576.82
3083.99,7.28557
288.104,8.03311
44.5606,27.624
68.3381,6.906
773.494,43.0665
363.741,4.57385
198.042,192.733
107.721,101.44
712.402,61.8947
1561.45,44.2437
107.065,3.68919
99.6162,62.2882
1307.85,423.415
284.681,82.3776
123.734,35.2775
14.3111,110.483
1116.15,552.415
652.367,11.8176
31.6774,20.1859
205.148,51.6666
0.0270648,27.7715
0.0349619,230.571
1147.27,595.437
278.706,10.2188
193.141,43.4212
60.8287,14.616
4.28027,3866.97
1479.77,3093.57
890.387,52.9465
44.8292,50.1749
37.2281,83.6877
1180.93,334.751
885.95,50.2753
139.196,17.2052
101.926,204.39
161.014,85.2858
422.466,24.2012
240.276,16.3891
33.6263,1.02375
380.695,0.101878
1645.49,27.0458
81.7256,13.5229
154.236,32.1006
5794.81,13.1523
908.454,0.419721
143.535,0.0149214
45.695,644.531
0.384071,42.9687
0.0297036,83.7803
121.298,35.9892
335.393,748.317
69.6623,561.238
212.712,37.2002
276.764,78.7518
314.126,140.054
67.5002,350.134
175.855,42.1972
600.626,4.35919
169.341,4.95232
133.532,4.95232
46.5927,56.8895
330.03,18.5682
871.242,149.051
225.126,198.735
208.065,10.2858
465.896,3.17543
262.562,66.8564
107.951,66.8564
236.749,41.6054
300.702,33.9291
115.823,4.71956
157.182,25.3348
185.174,3.61926
830.045,49.0105
2245.59,37.1978
138.587,128.387
215.896,119.851
1284.39,17.0461
261.221,53.5579
71.1809,433.907
643.638,144.636
2.01603,40.9545
0.171946,54.9081
5171.97,8.29007
167.166,122.317
189.647,491.357
41.1832,36.2573
414.377,8.86953
318.102,20.238
51.3254,182.142
105.363,34.3093
0.234535,40.5483
0.0717099,52.5051
441.728,26.4243
235.118,55.8659
360.792,26.8893
37.8291,4.85419
718.734,419.035
1383.11,46.5595
14.0246,83.4323
42.3568,18.3337
330.332,1.35412
247.098,51.676
170.061,31.0056
190.844,54.4596
661.379,30.7068
765.517,40.2994
81.7207,322.395
126.265,40.9187
181.475,75.8046
472.727,0.871533
327.603,419.294
417.254,69.8823
146.664,2.51809
41.1274,9.55489
171.495,7.75295
105.377,1.93824
906.339,65.9563
427.02,23.4445
59.9901,79.0321
173.257,632.257
682.723,60.221
365.314,31.6839
60.2705,81.7623
102.149,57.6562
2495.28,13.9194
145.635,49.2094
160.59,107.578
139.886,133.582
657.072,1.65166
537.101,6.20103
135.854,2.8195
157.958,14.0975
557.507,2.54293
255.001,36.9976
62.6142,69.6323
53.4537,348.161
1243.73,31.4575
327.084,19.7855
103.091,157.068
168.679,104.712
481.177,45.0876
626.465,45.1873
90.1563,319.837
27.9476,137.073
1295.05,60.9275
525.95,41.4505
100.232,250.583
62.8592,0
108.148,32.5024
395.097,5.60762
66.2431,6.37187
124.489,6.03134
752.502,69.4206
1138.88,115.701
213.156,34.8579
159.1,50.0913
309.068,32.6954
2298.64,147.129
75.838,5.79893
126.824,8.63069
814.604,71.0288
1144.75,83.638
195.247,19.7651
39.4771,35.7581
3.7277,12.8573
670.914,128.953
658.452,104.826
55.0517,11.0936
65.1189,25.6508
468.051,127.859
1272.28,127.927
101.771,24.6734
174.78,1.89157
3771.47,448.749
1960.3,199.444
122.657,59.9988
56.4693,39.8072
0.0633799,154.163
0.35403,83.8669
1432.6,23.2337
651.182,59.8922
86.1656,60.7489
11.0302,303.745
1.82785,54.0402
0.174652,44.1954
1609.53,74.2139
124.289,109.267
28.3983,13.0089
174.469,16.0413
847.433,362.64
682.707,114.316
145.771,27.9004
96.7127,71.0977
543.611,64.4663
183.615,73.1155
133.025,132.017
270.67,86.2477
0.398795,89.0857
0.016672,534.514
953.257,16.2007
588.43,121.522
79.9876,199.495
144.635,199.953
640.826,52.1986
201.635,54.4151
91.8237,30.0431
88.5788,0.63654
513.095,37.1104
451.72,79.7713
199.265,37.1912
36.2827,38.8222
276.224,34.0626
2783.03,54.8783
41.2936,16.9597
73.13,44.9175
1389.69,127.028
1208.58,71.8603
304.095,23.8578
29.7535,43.9112
272.137,349.673
2544.28,233.116
68.9171,30.7956
190.238,25.6542
0.0476213,171.649
0.620871,0
495.116,49.2531
363.491,20.5975
19.1703,189.946
100.019,664.811
2098.89,14.0144
473.05,19.4691
200.454,0.0372987
181.816,1.07896
48.1609,349.027
213.122,61.972
51.5378,50.7324
268.783,31.1596
516.605,0.729268
195.307,63.0884
129.094,441.619
170.367,40.8063
79.9007,57.6004
205.791,21.5929
28.2553,194.336
53.088,66.5415
309.862,38.3026
701.8,43.1686
290.65,396.358
118.836,175.782
75.8557,9.92507
1911.24,44.9679
84.0383,546.883
85.9649,26.5872
327.431,50.606
323.572,54.1949
270.209,180.65
70.4701,16.1749
115.515,8.26681
1342.07,45.1493
234.099,84.4071
312.985,90.4162
273.567,78.6201
70.5065,149.13
156.271,298.26
274.601,71.6853
6.71236,31.3695
6.02786,75.3744
671.707,198.204
254.089,61.9899
95.5195,24.3214
61.5569,327.268
218.6,54.5447
1539.99,64.1948
34.488,17.108
38.136,68.8201
375.864,96.3481
833.671,30.782
68.2565,57.0613
32.6528,2.32536
404.141,2.62312
627.1,65.069
111.548,137.752
158.054,41.4707
521.525,30.5349
502.421,612.698
65.087,367.619
111.395,39.9001
474.027,67.8817
400.189,140.925
81.577,254.085
72.4826,37.5475
375.86,49.4011
657.072,107.257
81.9162,107.257
293.582,17.0466
3327.81,16.857
935.174,323.446
217.508,53.9077
351.399,6.4104
1411.35,12.1519
117.889,55.5764
31.2519,148.204
102.381,8.27673
856.145,9.37911
1100.95,39.1626
79.2033,19.5813
49.267,3.40831
156.003,7.50478
1321.86,19.1968
52.4792,28.7952
89.2346,30.7816
1677.19,94.0464
1097.31,205.746
70.2695,34.2909
55.4583,36.9249
2149.17,36.8758
792.341,31.5277
206.654,47.2916
252.793,8.63448
0.314258,4.31986
2.68089,70.7107
0.513823,111.117
0.449285,3.91224
1501.15,6.90517
239.626,14.5096
109.313,7.25478
78.2185,11.4243
869.092,31.3776
2321.95,125.305
48.995,63.7403
38.3046,35.996
563.697,54.5411
612.978,62.6294
111.246,41.7529
68.8578,63.0186
156.907,30.7862
334.464,236.032
321.025,26.2258
159.983,36.1964
870.233,23.6895
994.552,152.407
124.419,170.748
320.202,65.046
1721.96,18.4496
130.504,111.041
39.8692,385.561
71.0952,32.2234
567.041,56.9455
226.816,180.139
61.8967,148.422
100.784,4.78957
354.029,5.1909
182.88,13.1329
106.742,362.012
161.721,64.1173
0.0363704,31.2419
0.0234448,62.4878
312.662,59.6972
392.407,25.1316
105.864,47.8289
68.4188,29.5605
544.902,147.803
159.818,31.952
35.8511,62.1828
216.027,109.127
1803.18,218.254
263.456,120.487
100.237,32.5799
152.748,81.0594
0.210646,325.943
0.014812,44.8584
3.7529,50.2672
0.0224645,131.265
289.044,350.041
223.527,15.3756
61.1033,103.087
77.6284,14.4368
2274.79,103.07
1141.01,122.863
115.985,40.0779
173.519,79.6582
543.999,149.654
230.083,448.963
292.921,40.3042
75.4973,53.0942
88.7962,62.3355
966.224,24.9342
45.8569,30.9077
124.892,26.9266
386.13,0.48861
729.973,0.119476
43.5018,525.061
43.2089,105.012
208.15,34.8898
2721.79,55.5347
58.7538,98.1103
52.3924,130.814
787.366,70.7629
725.331,46.1083
133.63,342.122
171.697,1710.61
1069.19,21.3873
203.448,41.8807
73.8645,0.792316
141.479,147.853
823.225,235.311
566.201,16.5868
48.0773,20.2259
93.8603,207.3
775.958,207.3
285.237,25.1076
95.6319,14.4417
93.7749,0.142762
1898.77,0.0392964
961.829,54.1651
73.332,108.33
226.395,12.358
939.445,30.926
186.63,119.124
139.212,198.54
68.4555,49.9087
3.66828,38.9223
0.0984202,111.051
131.03,27.7626
889.424,27.0205
262.293,9.23951
84.5476,105.104
64.2141,91.0185
2216.6,107.209
64.222,27.9287
71.9565,41.8022
828.477,272.987
160.132,43.2966
16.0968,44.8336
109.202,101.903
511.438,356.662
407.356,34.5092
379.248,60.718
431.681,35.7305
0.0301587,327.911
0.0766432,21.8997
0.0817184,50.7157
0.0684981,158.502
749.985,369.839
673.464,1.83228
68.1299,27.2881
9.85411,109.589
777.359,401.825
638.776,180.797
86.2585,20.143
131.802,526.609
782.816,1305.2
191.225,47.2771
55.4376,1.5474
30.3015,188.404
210.939,216.459
1567.24,4.81091
332.38,7.13098
76.8008,350.002
66.6261,100.001
1694.86,15.4998
99.26,72.4751
236.901,68.7343
0.00838439,206.203
0.00189927,71.3323
930.328,80.6586
1217.79,2.10743
158.145,0.261653
71.733,0.686809
214.091,260.441
930.711,98.2267
53.3597,28.5193
73.7005,43.8982
0.617605,153.997
0.0498067,73.1757
512.332,31.9972
373.51,6.59858
156.29,0.0307771
201.303,0.277667
133.469,0
166.481,123.313
230.314,105.083
30.8694,30.8499
0.0846957,0.132586
0.103763,1.37281
583.192,119.131
1294.93,1310.44
279.183,243.999
244.724,45.2614
701.318,779.167
48.0652,1298.61
289.411,22.5547
116.572,58.6233
174.949,6.8571
1223.49,0.734539
161.876,0.328621
356.854,0
2307.67,139.867
649.447,62.9968
126.529,35.6864
44.569,0.366384
928.344,45.2071
457.907,30.6193
290.332,49.6935
401.887,166.114
0.0395501,861.218
0.0762469,628.473
2024,5.51109
529.385,43.6051
289.31,129.927
79.8417,173.236
3589.69,47.5064
2450.44,14.1307
25.8217,91.6632
56.4159,549.979
539.136,58.2242
522.626,46.1837
201.218,144.232
41.7933,88.7473
656.407,17.3531
635.263,7.5836
106.107,6.25435
49.044,130.061
866.641,43.3538
886.174,0.890845
155.208,13.3624
235.268,10.649
547.249,27.5243
361.297,5.50487
49.6706,77.1604
75.6813,63.4131
1903.85,144.593
791.711,526.911
156.385,106.064
16.709,18.0472
160.442,260.982
406.317,347.976
60.4208,48.5763
420.091,46.7061
2689.8,13.4018
1435.51,41.1052
39.8809,452.157
248.846,13.8502
0.815071,15.12
0.336493,155.947
1556.48,22.2781
464.307,11.4403
216.652,73.9559
214.984,337.277
254.277,590.234
682.477,31.9666
46.5475,31.9352
130.82,327.538
660.57,65.5076
382.623,62.4843
158.989,31.8922
88.1045,402.603
289.348,402.603
979.483,61.8869
189.743,29.0358
145.833,76.1275
306.591,59.6763
561.336,52.5892
305.132,44.4327
97.443,107.728
52.5468,55.5217
613.887,33.4216
36.6654,63.6182
109.658,11.7629
1088.92,29.4791
560.884,58.9582
131.104,7.97556
111.886,14.6245
0.0434977,29.6533
0.100571,23.7226
710.883,139.102
421.539,5.58063
228.444,131.705
110.138,526.821
1496.63,36.6691
305.601,62.0947
148.207,560
54.4552,210
694.288,32.4251
751.458,35.3547
111.571,316.457
75.3247,484.618
1296.96,13.7303
856.928,41.583
8.88801,84.0784
39.3542,13.5938
1064.3,50.5337
1232.65,114.771
382.53,0.132268
24.9553,0.668109
128.677,856.6
2980.12,1199.24
69.5166,93.3568
156.084,33.8908
536.459,179.222
375.054,238.962
150.418,3.42213
56.8046,10.3744
0.892223,22.774
0.0183862,41.5224
1374.34,34.3927
1647.88,76.8811
108.446,0.247202
85.891,0.053131
299.749,64.1094
944.097,705.203
215.728,6.53576
251.642,28.2397
300.02,12.2831
53.1595,152.511
141.231,64.6051
19.1286,16.9994
289.136,62.3971
870.506,14.472
169.532,18.7377
223.034,49.2227
836.179,16.3276
169.665,31.8605
71.5752,63.721
112.781,47.2871
0.027325,31.6519
0.678732,146.862
2609.21,117.49
221.879,47.4714
85.7945,42.3998
190.726,104.648
618.759,93.2392
149.064,28.7645
99.1199,56.2016
93.3199,266.515
1014.84,333.144
268.505,90.007
221.543,24.7166
187.752,163.655
0.0412997,981.929
0.402422,47.6222
232.952,37.0167
139.261,4.65453
41.1695,0.54323
235.745,0.136037
1222.73,33.2826
609.48,94.0559
66.8823,26.3233
137.757,51.928
983.942,1.79124
825.17,62.0821
174.083,28.5783
146.175,41.1162
0.0195631,57.7243
0.178837,1.66608
471.93,2.12225
162.224,107.908
159.892,51.0414
14.7276,73.4358
228.766,35.6764
66.5903,710.578
0.655366,24.1768
0.219899,38.0732
223.563,54.0115
776.508,1.49789
43.9568,202.411
68.0631,40.4821
905.297,59.106
236.831,29.906
75.5321,13.6993
55.9077,82.1956
442.412,36.7071
826.572,46.5448
169.02,10.3941
151.999,103.941
3809.96,61.5968
1169.25,43.7252
158.322,5.60382
206.408,0.137776
383.455,0.330823
200.979,52.3998
31.0239,314.399
23.6588,33.229
0.562468,53.2905
0.211704,67.0437
3154.72,134.087
1535.21,28.1147
152.476,66.126
142.243,113.111
439.145,395.888
828.518,38.4002
61.5117,57.5369
79.8959,354.204
475.285,531.306
749.273,48.7562
70.6581,49.3595
54.6443,82.7892
845.453,331.157
538.465,223.487
47.1462,12.6949
154.383,23.7837
606.893,505.967
1335.93,63.2166
257.836,17.469
234.952,897.548
138.243,299.183
226.766,34.6942
58.8455,51.7269
78.1691,90.0938
1434.76,14.9085
297.586,43.0249
39.1237,32.2997
87.1603,165.356
0.602444,248.034
0.276581,9.90197
0.835222,63.1423
0.842867,135.937
800.753,170.098
2730.48,43.4167
189.609,43.3745
40.1726,80.2999
0.157426,112.42
0.234651,34.8261
681.419,69.9083
1328.86,137.526
129.166,275.053
122.227,31.0689
78.5448,35.7599
428.447,9.01286
62.6925,27.0386
34.8914,176.585
1710.11,10.3463
1572.78,776.797
160.1,466.078
209.244,27.7767
775.384,79.395
389.17,631.268
233.271,45.0905
58.4172,72.8592
883.094,30.8563
754.037,0.170032
43.761,1.16045
67.953,186.465
310.014,139.848
552.139,106.485
49.7219,7.19128
103.219,82.1017
1176.81,985.22
4080.59,71.4342
324.281,30.38
245.515,528.907
367.773,1145.97
483.53,42.0828
7.75969,68.5681
237.624,74.7642
603.23,88.048
361.068,49.635
464.984,20.3027
376.26,5.35598
135.249,184.467
513.386,147.574
209.089,39.187
282.765,71.2627
12.9724,329.8
124.153,164.9
108.145,31.7807
108.359,0.95203
366.774,259.173
185.447,259.173
47.1573,98.1674
26.3718,26.6131
905.467,1621.17
1179.33,0
156.488,38.7612
302.278,59.6376
1138.47,153.614
363.104,307.228
46.596,76.8087
24.3472,27.5143
1791.6,165.063
1935.7,220.084
270.568,49.1504
233.615,140.931
234.227,289.644
133.081,602.419
69.7309,62.2482
163.775,71.7554
819.646,396.447
63.9495,541.944
81.5852,55.6704
196.705,29.9466
572.593,558.299
540.751,186.1
230.778,41.203
183.68,91.7661
200.333,202.765
100.521,253.456
111.136,28.0625
167.623,68.4701
165.278,25.537
48.6506,160.705
45.7446,52.6618
129.351,28.7285
601.822,3.42901
631.211,0.133853
10.6706,0.0926003
64.1947,2.86542
338.733,0.317109
215.909,22.834
59.9459,159.838
853.638,111.139
148.446,7.00138
235.407,19.7633
519.377,326.122
25.9241,81.5305
160.356,28.7642
121.952,12.577
432.791,168.345
710.713,201.203
64.4747,19.2103
44.6021,80.4318
2.11444,132.007
0.29529,264.015
651.494,28.4504
2718.42,100.142
52.9305,5.87238
178.598,72.7847
2.74512,109.177
3.20673,73.5766
4.29623,22.2497
2942.65,482.89
2155.18,160.963
187.926,29.1398
113.816,46.5153
184.992,92.3155
590.882,34.6183
166.071,11.3721
50.675,3.66998
212.95,319.242
853.305,159.621
3.26315,38.6631
122.403,37.7903
643.52,33.3986
336.729,77.9301
140.057,55.1748
70.0647,61.4164
1059.39,277.039
345.72,39.2001
166.01,1.5534
147.879,18.9421
0.146331,6.68299
0.254669,22.1776
102.336,44.3553
572.598,37.8965
76.3427,15.7039
197.902,46.3454
135.678,152.468
1117.79,93.5387
25.676,14.0191
59.4134,335.886
2268.45,503.828
745.316,26.5234
91.0279,17.3289
142.869,281.615
648.947,28.3062
416.069,28.1575
2.20866,141.971
225.578,31.0841
671.416,58.3041
357.687,291.52
149.769,34.1412
227.604,61.7435
0.63754,48.8585
3.20141,51.983
1316.61,27.772
369.689,13.4308
72.7651,70.468
76.9977,35.234
703.72,82.0647
360.716,37.2179
219.239,478.606
26.3609,198.191
692.371,18.344
764.504,3.22322
40.0057,66.4844
50.8887,113.547
2054.45,49.5311
187.434,11.1733
25.8058,112.687
203.865,676.119
578.001,42.3809
144.355,54.2514
72.7566,300.899
162.69,33.677
473.075,38.7369
169.645,37.5099
127.824,77.3732
83.0293,187.906
537.055,37.3398
51.8824,50.2252
158.317,31.9425
105.254,137.543
188.678,44.8897
385.741,23.9786
13.5579,108.909
132.609,326.728
1375.61,39.828
1429.99,24.9938
65.6377,26.1637
141.711,52.3274
289.174,53.4649
216.458,26.0725
61.3086,0.384279
100.727,0.3768
1144.46,0.575999
893.233,0.221823
28.164,194.538
251.194,22.9756
1871.5,41.7256
736.313,12.3257
239.538,140.554
238.154,56.2216
630.118,30.2969
3846.18,43.4264
60.0757,385.406
220.946,88.5377
1006.07,27.7427
151.84,122.091
415.022,638.902
166.442,14.874
34.0068,72.1259
872.341,20.7029
27.9021,297.502
37.8362,123.157
0.266809,19.3693
0.327412,87.4982
445.982,0.0576088
790.529,0.0963612
112.742,152.021
115.38,1824.25
1575.93,24.0532
353.456,61.3195
204.837,112.485
211.872,80.0006
231.76,37.0314
79.8513,58.1774
170.219,52.8136
80.9952,132.034
205.483,220.591
1087.4,65.5395
182.998,307.872
222.813,109.849
0.0144375,30.9845
0.85333,2.5613
415.936,179.651
146.011,9.24126
175.714,63.7236
50.1246,28.8579
16.5068,49.3001
414.457,123.25
258.777,5.39626
222.319,5.70242
96.2189,1.9545
475.96,122.661
868.187,137.197
753.867,119.932
438.883,21.6467
0.329574,705.818
586.663,403.325
80.2219,48.17
48.8467,41.1788
165.708,2.15473
397.49,126.645
885.541,63.3227
42.3474,31.2151
171.99,69.7978
598.184,203.611
174.198,356.32
317.53,17.5729
183.655,179.924
107.013,1058.64
1141.01,823.386
139.838,11.7402
128.527,58.5117
1627.73,201.896
236.175,45.3167
110.28,35.9273
115.139,42.5144
2.14791,53.5352
315.293,53.5352
13.0134,21.8327
246.364,38.865
934.488,0
205.009,45.8284
210.833,36.828
378.417,82.3943
0.0290177,360.253
0.00329122,144.101
786.983,36.9759
156.792,139.089
274.178,483.174
263.614,138.05
1251.78,39.7033
2749.31,8.84635
70.6384,167.378
103.057,22.1497
706.162,51.472
897.522,23.3546
180.752,136.338
234.71,409.014
2.46144,101.439
0.0487505,38.6962
407.497,104.298
1403.71,441.367
61.2224,41.4063
86.3205,38.1812
689.214,69.4922
1707.79,147.754
24.2513,21.6639
177.33,97.6601
549.141,529.058
168.123,224.595
299.6,27.5098
40.2166,20.0561
2212.52,199.836
5754.67,79.9343
311.132,47.7758
36.2695,50.2032
130.898,1.13242
848.136,68.7388
38.914,18.6795
84.6401,55.5595
1187.42,27.0609
1995.81,158.101
201.711,158.101
43.2569,11.569
639.558,72.9239
1561.13,81.1444
332.132,162.289
203.49,38.3419
132.504,39.8362
1275.87,9.72969
362.655,30.611
66.7116,250.144
456.46,41.6829
3565.18,12.5498
154.773,0.0140157
85.053,0.255818
822.494,31.2752
438.935,46.9128
93.0322,37.2143
115.822,65.7717
249.988,0.178886
484.676,0.297114
60.2849,411.839
225.677,58.3102
3852.27,70.5712
668.825,16.7303
38.4839,1027.64
49.7813,79.0489
1880.45,42.9524
407.032,49.9256
95.8798,45.7951
94.5127,11.4488
0.0714191,31.1628
0.208129,17.6028
417.809,76.9029
385.698,57.6772
61.8951,13.2569
109.187,4.43539
2260.71,259.558
770.728,102.765
192.043,22.0886
94.0403,73.7264
880.375,1277.34
398.164,1182.58
131.932,51.7052
41.4797,40.017
266.126,217.371
1545.87,217.371
111.481,30.0964
183.212,90.5578
539.47,1.55835
287.874,1.07659
100.775,120.482
120.743,41.1377
1891.4,13.6558
1400.19,63.9684
49.6362,137.363
41.2222,46.6365
2285.31,56.3633
669.604,45.0871
143.585,98.8767
263.989,82.5309
687.219,33.8065
157.572,44.4388
95.9253,40.1967
217.693,20.0984
607.45,74.9607
345.223,24.17
196.85,56.2569
206.725,168.771
496.402,10.9331
724.082,43.2936
80.7043,38.1759
112.827,267.231
390.791,72.7078
712.746,13.8349
43.1767,33.5778
231.68,396.359
661.426,65.6199
156.608,34.1802
432.577,0.0449376
85.9488,0.070419
206.266,0.105734
1293.13,0.0172154
307.745,0.511547
88.5693,0.343698
0.0648001,166.028
0.119635,68.4524
407.919,10.6456
574.275,69.2359
154.397,5.19726
173.999,14.4563
0.0110601,1258.59
0.0129622,36.4585
444.636,60.0259
166.809,0.36101
203.787,0.31941
206.509,445.567
0.0059325,111.392
0.0379957,21.03
0.111207,6.15779
0.126695,172.264
1701.77,94.5843
752.45,37.2563
49.4462,54.2505
30.6336,109.184
239.816,181.974
314.121,3.23465
100.701,35.6212
221.415,58.3107
0.0128011,233.243
0.0497716,60.0875
499.032,38.0816
190.355,45.2916
26.5811,10.0573
78.4189,56.1021
2373.25,68.8946
1550.38,2.28359
471.889,257.97
328.845,343.961
620.372,47.9105
1478.14,54.2127
59.0213,0.770755
122.579,208.821
1132.11,79.0797
686.441,20.4665
209.318,33.5403
182.579,177.115
558.396,106.269
787.144,27.6019
195.955,0.66029
196.072,132.759
503.864,354.023
257.122,2.25577
127.201,17.7459
82.6254,190.612
0.04528,282.048
0.17097,72.7393
458.674,243.527
1008.64,213.793
85.9205,1282.76
41.978,125.757
0.212884,12.3114
0.258835,724.671
433.364,543.503
766.447,72.1458
103.001,36.5173
71.4575,625.214
446.68,277.873
613.158,91.9103
36.5413,114.075
138.837,594.044
466.115,148.511
473.953,185.748
94.1545,43.7126
62.8995,2895.91
810.398,1053.06
1593.41,43.0095
88.5847,45.1895
66.3824,0.891175
651.122,236.026
667.058,33.7181
33.1355,55.3422
78.785,65.0666
3652.51,585.358
648.641,375.404
24.4289,25.8898
41.3207,78.0301
440.734,536.429
143.818,715.239
49.517,37.1466
59.8544,34.5113
1507.96,207.215
968.91,20.7215
109.616,72.1686
132.312,21.2689
227.887,45.5587
395.206,141.257
132.285,70.4776
108.518,34.7221
272.398,225.183
517.585,300.244
51.3676,62.5748
83.0528,102.903
175.404,687.21
2202.35,428.039
214.701,25.2682
142.05,74.5824
2250.87,0.0305291
1204.93,0.156039
179.408,263.856
17.5808,316.627
877.127,68.7764
4900.74,227.167
38.3137,96.606
24.5274,161.01
1717.58,100.552
210.528,20.5023
171.771,92.0955
16.6103,828.86
1.81057,91.9099
0.766696,22.2278
163.238,591.194
1188.66,114.677
397.12,21.1697
5.99024,156.923
389.327,2.37765
2645.4,3.20371
83.5983,353.083
11.1738,568.473
1011.37,35.9203
1015.98,60.1949
81.3025,1.34097
67.8888,33.6254
492.262,336.254
904.031,58.1134
65.226,27.1472
47.2056,5.07455
387.576,140.827
450.706,105.62
42.6424,5.7912
79.6837,70.7697
645.352,920.327
782.144,92.0327
78.2183,87.4556
51.1345,31.9123
382.258,382.762
429.408,169.038
162.27,6.77613
68.1295,9.17632
782.37,57.6268
507.676,319.422
49.7902,65.5547
309.398,70.9024
775.685,94.7985
846.138,568.791
186.491,48.8456
24.319,33.2486
169.754,51.2743
975.433,12.8186
827.251,35.9291
44.3252,62.4977
156.032,292.899
3612.48,131.519
21.3964,98.1773
136.016,74.4525
0.109552,494.837
0.0158795,494.837
1032.51,57.4589
2145.08,33.1699
18.8776,0.03977
64.1944,0.10748
524.762,11.0224
836.28,2.05117
73.497,140.152
68.2738,28.0303
0.0557193,6.31823
0.0517704,64.3061
675.593,289.533
593.262,96.511
41.8504,21.5472
52.7323,82.9647
0.0920323,342.162
0.0974612,1026.49
630.368,215.187
1276.72,121.145
163.298,980.737
265.523,1634.56
1064.92,66.7972
314.251,31.2567
324.546,136.959
155.571,41.0161
199.956,44.6977
453.594,31.2415
173.564,1.51268
57.4312,0.30913
0.0526039,0.0618375
0.0195408,149.062
1.58921,208.686
0.319646,39.7602
184.672,54.9525
832.086,42.276
69.7902,379.792
128.309,33.7389
1678.13,10.9873
663.818,0.164238
28.5392,0.0593352
160.008,41.5126
450.22,539.664
1574.92,79.9789
76.4904,31.378
213.517,251.365
432.828,230.329
688.676,2.77537
151.178,31.2514
88.9611,34.2231
0.271256,239.562
1.26318,32.7739
762.315,39.5398
826.727,40.9142
129.148,10.2286
57.0384,39.8913
492.392,23.602
1171.36,105.648
64.588,105.648
47.4055,53.9533
336.561,58.3551
884.029,0.13592
29.5497,0.0429805
134.71,462.218
0.22696,330.515
0.0364018,20.9928
1370.63,38.9403
910.883,242.537
125.303,70.9558
212.652,19.0527
454.552,11.7456
401.312,394.134
127.976,52.5512
21.4081,8.38438
2.61328,5.36723
608.614,5.3656
1345.58,197.55
87.6021,19.755
88.5309,57.7338
325.972,34.5545
1952.02,43.3294
142.087,139.383
169.251,142.404
42.9807,35.2436
145.494,879.203
78.1745,286.44
83.3604,36.6027
272.067,22.3649
379.625,32.2901
97.3965,387.482
11.4976,85.8473
360.142,25.4119
852.933,0.10833
167.912,0.29372
213.152,622.868
290.858,132.044
47.8179,21.9081
136.16,57.6918
126.12,191.617
0.0604504,31.9362
0.0777852,43.3745
1738.78,51.7015
5302.83,0.0222612
181.441,0.121099
209.123,163.198
72.166,217.597
357.073,8.87969
55.8744,25.9112
66.3515,137.814
279.668,220.503
1123.69,6.92568
115.367,75.3295
25.567,6.83637
998.589,1.44451
1415.42,80.4405
256.861,80.088
83.7289,65.6059
0.657811,30.227
0.234879,79.1703
0.861344,319.204
0.0565235,43.245
642.211,48.229
812.521,24.5064
430.566,73.5193
259.823,61.4233
28.7591,21.5385
716.916,0
110.519,240.193
27.7985,20.4854
163.473,20.8277
1257.29,61.0363
156.847,223.767
93.4711,36.4493
741.419,353.356
794.244,726.039
48.7564,4719.25
133.657,52.9671
661.146,108.202
772.782,749.282
269.751,124.88
171.423,54.6793
28.6659,35.5932
391.023,98.4824
142.495,118.179
97.1261,49.3938
381.59,46.0496
468.865,173.149
101.703,57.7165
55.2711,2.59145
112.977,69.3794
162.621,318.772
116.359,318.772
389.848,75.3799
655.984,26.2741
277.33,75.3976
95.8561,60.318
129.943,54.1421
2.15581,41.3599
2.64836,37.0289
278.344,142.695
106.69,45.0909
131.464,72.1671
127.097,0.218188
406.677,0.155959
801.772,13.2564
83.6943,464.21
175.407,24.2609
292.732,42.0517
171.132,329.061
182.5,263.249
110.785,14.8183
179.033,184.632
630.309,613.488
156.641,817.984
165.372,51.4855
333.086,30.9357
1412.4,46.3198
57.3835,163.377
77.1746,20.1526
1603.4,36.9048
1930.22,340.459
148.305,453.945
74.9741,53.2206
282.91,16.8571
382.984,0.250755
90.3333,0.0730662
197.327,71.4328
473.001,71.4328
946.001,52.9729
178.404,37.4909
76.668,33.8887
3032.7,440.553
3613.21,72.875
44.5996,48.454
29.8413,348.696
567.198,261.035
528.543,49.5553
44.4773,25.9229
70.9355,0.00610419
0.021837,0.0313855
0.0536382,101.349
2284.91,152.024
2485.61,2.74599
58.8113,52.8914
51.6553,12.655
1774.68,49.924
423.187,33.2827
112.91,33.5945
36.4266,9.48937
0.812313,229.615
0.688746,229.615
798.176,41.9155
2261.5,13.156
110.916,31.262
309.967,165.299
823.805,90.5496
199.699,23.6447
176.397,186.416
61.2586,1025.29
0.00655429,57.5496
0.0375748,37.895
392.345,78.11
1886.06,93.732
66.1346,34.1254
46.1375,24.7407
186.487,15.1652
2697.2,37.913
87.5533,54.0939
121.295,25.895
493.668,408.35
769.028,204.175
49.0692,44.3729
77.6183,60.1917
1431.97,0.193157
135.311,0.100826
83.6227,44.2372
78.1742,176.949
363.898,56.9778
412.904,33.1341
274.804,0.472542
63.1305,0.212375
812.454,0.582758
1683.09,1.23557
220.208,128.508
109.736,299.852
291.619,21.5465
778.218,39.6106
116.085,0.0199582
30.6637,0.0339913
913.057,191.621
6303.51,15.9684
70.5301,36.513
73.7554,3.28804
842.098,509.557
428.091,72.7939
102.961,45.505
128.538,48.8009
0.607981,172.817
4.23148,243.915
0.0341526,28.8081
0.0967103,65.8332
1034.74,204.286
20.3415,306.429
36.6454,4.64573
108.898,1.13848
721.907,11.3964
571.114,56.9822
304.277,40.6713
210.745,42.4859
0.39162,60.3981
0.585683,422.787
304.712,28.87
528.004,72.6194
96.1354,36.8713
79.9277,229.894
542.732,35.0174
1050.25,41.4589
93.7289,184.046
32.6912,56.6775
0.367877,68.1299
0.0903925,21.1096
2567.22,95.946
331.648,89.4898
31.9595,5.33644
100.239,21.5047
915.263,75.2938
821.824,89.5915
33.0953,14.2899
98.851,49.8822
999.228,2.88133
518.123,131.643
145.222,479.883
110.021,28.7623
230.545,34.3433
34.5552,157.603
77.636,394.006
37.5197,41.8945
448.356,47.1692
432.858,0.0658204
8.388,0.017736
74.523,524.033
465.313,113.496
294.948,60.3008
235.904,8.43984
46.2279,204.787
85.1321,460.771
673.234,44.1236
241.228,29.8496
231.236,383.611
151.073,575.416
164.85,136.014
188.436,59.9638
139.664,170.178
20.7972,156.38
4.78592,5.66082
475.579,14.8511
753.895,159.861
50.2145,39.9654
22.5169,46.3822
840.693,44.1824
1530.19,171.545
247.847,70.5076
32.2558,35.6588
30.2314,31.6783
1116.65,12.9877
240.803,90.9138
269.954,35.6023
495.39,27.1052
171.456,0.953001
66.6101,2.03305
109.9,281.205
1639.44,20.9569
306.569,14.27
103.702,99.6528
25.7591,0.86451
847.28,0.535333
1184.47,608.115
160.084,405.41
47.8346,47.7435
373.656,40.8922
1183.68,100.813
155.591,50.9614
133.298,35.0686
691.622,13.977
483.054,0.0062892
23.1287,0.0235285
107.803,239.1
0.0066016,64.5175
0.00462951,26.9165
1842.75,27.8633
2223.13,59.5654
52.9427,655.219
111.728,35.7616
963.72,54.1252
687.169,45.1511
45.1088,90.3023
83.2518,2.89834
77.0492,16.3763
468.449,110.375
175.81,27.5939
107.44,44.3813
0.80993,40.6004
0.448292,2.45921
2116.96,38.2215
2127.79,16.3806
147.581,40.4605
92.3237,55.6567
0.202424,107.25
0.0971675,0
167.183,11.2585
66.4424,60.6089
201.676,289.601
114.176,109.966
29.1108,5.86377
1333.39,41.3257
270.105,0.0235426
95.1732,0.00867662
106.737,178.639
567.209,238.185
216.774,74.3592
134.213,25.2827
193.998,431.329
485.98,308.092
176.518,49.1885
196.818,65.4495
381.819,1.41528
780.627,3.02765
57.1308,473.023
123.296,315.349
0.286046,31.91
0.392728,65.6593
812.589,1.99846
1426.53,0
49.9833,239.97
136.456,82.8675
697.094,53.7798
636.484,841.404
,117.702
,53.0979
,93.2641
,108.622
,977.599
,8.77131
,10.3455
,857.8
,85.78
,96.6629
,67.7345
,1.03166
,94.2911
,538.064
,63.5707
,6.29733
,75.9325
,227.798
,54.6162
,40.3492
,93.1228
,155.205
,41.8441
,25.8057
,126.37
,37.8133
,63.9564
,38.8165
,114.146
,19.0243